{"theta_med": [5588.86474609375, 4.295814514160156, -0.2056843340396881], "theta_std": [517.3738403320312, 0.4820365011692047, 0.4078773260116577]}