{
  "test": [
    0.5778622031211853,
    0.5590957999229431
  ],
  "train": [
    0.5819011926651001,
    0.5631348490715027
  ]
}