{
  "test": [
    0.5801098942756653,
    0.562350332736969
  ],
  "train": [
    0.583273708820343,
    0.5655139088630676
  ]
}