{
  "test": [
    0.6361275315284729,
    0.6200906038284302
  ],
  "train": [
    0.6397904753684998,
    0.6237534284591675
  ]
}