{
  "test": [
    1.437394618988037,
    1.3916150331497192
  ],
  "train": [
    1.4377180337905884,
    1.3919380903244019
  ]
}