{
  "test": [
    1.3983372449874878,
    1.3791974782943726
  ],
  "train": [
    1.396499752998352,
    1.377360224723816
  ]
}