{
  "test": [
    0.6612114310264587,
    0.6454277634620667
  ],
  "train": [
    0.6537625193595886,
    0.6379788517951965
  ]
}