{
  "test": [
    1.460394263267517,
    1.421215534210205
  ],
  "train": [
    1.4589722156524658,
    1.4197936058044434
  ]
}