{
  "test": [
    1.4410139322280884,
    1.4225995540618896
  ],
  "train": [
    1.4374750852584839,
    1.4190611839294434
  ]
}