{
  "test": [
    0.6494236588478088,
    0.5877254605293274
  ],
  "train": [
    0.6485511064529419,
    0.5868527889251709
  ]
}