{
  "test": [
    0.576174795627594,
    0.5015021562576294
  ],
  "train": [
    0.5766617655754089,
    0.5019892454147339
  ]
}