{
  "test": [
    0.896406352519989,
    0.6648444533348083
  ],
  "train": [
    0.8961723446846008,
    0.6646106839179993
  ]
}