{
  "test": [
    0.5775823593139648,
    0.501192033290863
  ],
  "train": [
    0.5786640644073486,
    0.5022736191749573
  ]
}