{
  "test": [
    0.6138487458229065,
    0.5549620985984802
  ],
  "train": [
    0.6109484434127808,
    0.5520616769790649
  ]
}