{
  "test": [
    0.6456336975097656,
    0.6314554214477539
  ],
  "train": [
    0.6446459889411926,
    0.6304674744606018
  ]
}