{
  "test": [
    0.5720868110656738,
    0.5051311254501343
  ],
  "train": [
    0.5722081661224365,
    0.5052522420883179
  ]
}