{"theta_med": [5617.11181640625, 4.241434097290039, -0.17770275473594666], "theta_std": [544.2973022460938, 0.5808343291282654, 0.39185065031051636]}