{"theta_med": [5588.8544921875, 4.2960405349731445, -0.20581574738025665], "theta_std": [517.4207763671875, 0.4820508658885956, 0.40785741806030273]}