{"theta_med": [5560.3427734375, 4.260288715362549, -0.2189713418483734], "theta_std": [18842.802734375, 488.71368408203125, 320.5058288574219]}