{"theta_med": [5557.755859375, 4.261178970336914, -0.21779756247997284], "theta_std": [20324.021484375, 527.205810546875, 345.74896240234375]}