{"theta_med": [5594.0751953125, 4.191999912261963, -0.20100000500679016], "theta_std": [785.4572143554688, 0.7061700224876404, 0.34169670939445496]}