source_id,Pristine_mag_CaHK,Pristine_flux_CaHK,Pristine_flux_error_CaHK
1,21.317369715312584,2.164373031363585e-19,5.092641009544361e-19
